site_id,design,window,season,change,ci_lo,ci_hi,p,n_base,n_op
meta-edgecore-mesa-az,"rings, core vs 3.5-5 km",pilot,all,0.9530228641956204,0.6745158632293706,1.2621822351227538,3.4569055887394825e-07,47,13
meta-edgecore-mesa-az,"rings, core vs 3.5-5 km",pilot,cool (Oct-Mar),1.2175551958491704,0.8478051729065816,1.6094443689994709,3.8431835328330376e-05,12,7
edgecore-mesa-az,"rings, core vs 3.5-5 km",pilot,all,0.7510277490192063,0.4375907538981555,1.1148068899370105,4.3898884643545496e-05,47,26
edgecore-mesa-az,"rings, core vs 3.5-5 km",pilot,cool (Oct-Mar),0.9293467847355098,0.5483130355178855,1.3458586273931172,0.0001909847164484,13,14
meta-gallatin-tn,"rings, core vs 3.5-5 km",pilot,all,-0.0789475440900004,-0.6748281861786352,0.4779052248004024,0.7945385466107346,44,27
meta-gallatin-tn,"rings, core vs 3.5-5 km",pilot,cool (Oct-Mar),-0.3630773535350365,-1.3907510027097163,0.5924602734613567,0.4962234218919785,27,14
meta-edgecore-mesa-az,"rings, core vs 3.5-5 km",census,all,0.502324532221809,-0.2149942076557362,1.0170814820045395,0.1349150302522649,50,27
meta-edgecore-mesa-az,"rings, core vs 3.5-5 km",census,cool (Oct-Mar),0.8292829853462229,0.3828908199448781,1.2738741940882872,0.0028293396269645,12,11
edgecore-mesa-az,"rings, core vs 3.5-5 km",census,all,0.3909328466693248,-0.4904401794204873,1.0822454905008216,0.3463901123833268,50,30
edgecore-mesa-az,"rings, core vs 3.5-5 km",census,cool (Oct-Mar),0.5491428742385795,-0.6702256019085789,1.3955191726202767,0.3415380203959928,13,13
meta-gallatin-tn,"rings, core vs 3.5-5 km",census,all,-0.0789475440900004,-0.6748281861786352,0.4779052248004024,0.7945385466107346,44,27
meta-gallatin-tn,"rings, core vs 3.5-5 km",census,cool (Oct-Mar),-0.3630773535350365,-1.3907510027097163,0.5924602734613567,0.4962234218919785,27,14
meta-edgecore-mesa-az,point control (paper design),pilot,all,1.2985025519371924,0.5270358790661435,2.1505798837361016,0.0136219702757411,40,10
edgecore-mesa-az,point control (paper design),pilot,all,0.913326505007234,0.2768641645211329,1.6046875608341515,0.0153951162299856,41,17
meta-gallatin-tn,point control (paper design),pilot,all,-0.8865956229183289,-1.6228045678258,-0.2878530892042485,0.0131281046480709,42,26
