Model,Term,Coefficient,CI low,CI high
Land change,intercept,-1.3950453597774974,-3.0583236637030113,-0.1446008383291499
Land change,dndvi,-17.028114021891334,-26.96282404721205,-9.06497231505097
Land change,dalbedo,-19.63460395657937,-40.65214193121043,17.096824983613402
Land change + aridity,intercept,-2.557046763483225,-4.18650089933888,-1.0693586961822106
Land change + aridity,dndvi,-12.229734619691138,-21.41979256623457,-4.244638476797699
Land change + aridity,dalbedo,-13.378689995158442,-33.01253288218688,14.114370115655095
Land change + aridity,aridity,2.2645978251857013,0.9590824827171373,3.650588587573269
"DC vs warehouse, all",intercept,-1.1542995961695808,-2.2583419423680566,-0.1844480505813212
"DC vs warehouse, all",dndvi,-15.289334719107138,-20.975440438762327,-9.453082203681396
"DC vs warehouse, all",dalbedo,-18.87465602463249,-33.744601410275045,3.568980712189448
"DC vs warehouse, all",aridity,1.4984344261182403,0.6187976525769325,2.551025601793148
"DC vs warehouse, all",is_dc,-1.144274254233997,-1.935232740762336,-0.3580447407597764
"DC vs warehouse, warehouses >= 5 km",intercept,-1.0433207726092244,-2.254520130910096,-0.0049758978876708
"DC vs warehouse, warehouses >= 5 km",dndvi,-15.047867310254308,-20.916344343938036,-9.049883665143124
"DC vs warehouse, warehouses >= 5 km",dalbedo,-18.27549658551916,-33.216821507972476,5.950708935623978
"DC vs warehouse, warehouses >= 5 km",aridity,1.4436006258794352,0.484327145500561,2.5270088565514377
"DC vs warehouse, warehouses >= 5 km",is_dc,-1.1901681277630676,-2.001935457899986,-0.3933812384064568
"DC vs warehouse, >= 5 km and dNDVI <= -0.05",intercept,-1.241381493323495,-2.984042559747262,0.193554284983849
"DC vs warehouse, >= 5 km and dNDVI <= -0.05",dndvi,-15.666164325730596,-23.151905064031823,-8.07786436593183
"DC vs warehouse, >= 5 km and dNDVI <= -0.05",dalbedo,-18.445187946672885,-33.91190662850575,7.217384517771233
"DC vs warehouse, >= 5 km and dNDVI <= -0.05",aridity,1.4267953895920815,0.4778138965067365,2.5400552298172996
"DC vs warehouse, >= 5 km and dNDVI <= -0.05",is_dc,-1.0849834024206928,-2.1365567817001376,-0.1184169405494085
"DC vs warehouse, no albedo",intercept,-1.4552540483936995,-2.4982056532108694,-0.4781343007058998
"DC vs warehouse, no albedo",dndvi,-10.986963632402508,-16.23061573579821,-6.899719957498967
"DC vs warehouse, no albedo",aridity,1.6198054468546517,0.6445831928197409,2.681400140843401
"DC vs warehouse, no albedo",is_dc,-0.8651276511681649,-1.7661284289090196,0.0371319690874343
