window,site_id,season,point,change,ci_lo,ci_hi,ci_lo_block,ci_hi_block,p,n_base,n_op
pilot,meta-edgecore-mesa-az,all,pilot,1.2985025519371924,0.5270358790661435,2.1505798837361016,0.5681729162802055,2.1272433505074204,0.0136219702757411,40,10
pilot,meta-edgecore-mesa-az,all,verified,1.2985025519371924,0.5270358790661435,2.1505798837361016,0.5681729162802055,2.1272433505074204,0.0136219702757411,40,10
pilot,meta-edgecore-mesa-az,summer (Jun-Sep),pilot,0.8404688262769955,0.0420015461477082,1.7167099309932592,0.0701015326451374,1.7276069689854656,0.2333820069670129,25,3
pilot,meta-edgecore-mesa-az,summer (Jun-Sep),verified,0.8404688262769955,0.0420015461477082,1.7167099309932592,0.0701015326451374,1.7276069689854656,0.2333820069670129,25,3
pilot,meta-edgecore-mesa-az,cool (Oct-Mar),pilot,1.7189821845349695,0.5032299903268139,2.9986861684797335,0.6509165104863324,3.1316273552021805,0.0288355882098325,10,7
pilot,meta-edgecore-mesa-az,cool (Oct-Mar),verified,1.7189821845349695,0.5032299903268139,2.9986861684797335,0.6509165104863324,3.1316273552021805,0.0288355882098325,10,7
pilot,edgecore-mesa-az,all,pilot,0.913326505007234,0.2768641645211329,1.6046875608341515,0.2828712749684346,1.372222693871555,0.0153951162299856,41,17
pilot,edgecore-mesa-az,all,verified,0.913326505007234,0.2768641645211329,1.6046875608341515,0.2828712749684346,1.372222693871555,0.0153951162299856,41,17
pilot,edgecore-mesa-az,summer (Jun-Sep),pilot,0.3729931757158492,-0.5373094236014084,1.1879015658015852,-0.0446863655649126,0.9122046332925652,0.4683661581661285,25,7
pilot,edgecore-mesa-az,summer (Jun-Sep),verified,0.3729931757158492,-0.5373094236014084,1.1879015658015852,-0.0446863655649126,0.9122046332925652,0.4683661581661285,25,7
pilot,edgecore-mesa-az,cool (Oct-Mar),pilot,1.6418677432834086,0.6746442473735471,2.714733499786031,0.8856184613786564,3.519322068851057,0.0089475842097209,10,10
pilot,edgecore-mesa-az,cool (Oct-Mar),verified,1.6418677432834086,0.6746442473735471,2.714733499786031,0.8856184613786564,3.519322068851057,0.0089475842097209,10,10
pilot,meta-gallatin-tn,all,pilot,-0.7798814665350886,-1.502878026023417,-0.1879566945717155,-1.4096306742754745,-0.0276401653597209,0.0265318217288941,42,26
pilot,meta-gallatin-tn,all,verified,-0.8865956229183289,-1.6228045678258,-0.2878530892042485,-1.4810765640369334,-0.1779713877224734,0.0131281046480709,42,26
pilot,meta-gallatin-tn,summer (Jun-Sep),pilot,-0.0521558819920177,-0.597523624629403,0.4624601196111016,-0.5721716116001284,0.6357349433253985,0.8562459463734413,14,11
pilot,meta-gallatin-tn,summer (Jun-Sep),verified,-0.2795239697038074,-0.7396395302981014,0.152456290352496,-0.639914607204288,0.3712456467963909,0.2558791854604698,14,11
pilot,meta-gallatin-tn,cool (Oct-Mar),pilot,-1.1313828603619367,-2.383466138540474,-0.1827755112716241,-2.176434116125203,-0.1061184411928395,0.0677866211908594,24,13
pilot,meta-gallatin-tn,cool (Oct-Mar),verified,-1.1634376502350046,-2.46307556109402,-0.1861781128848414,-2.160523862553166,-0.1946439647244897,0.0703970133387456,24,13
census,meta-edgecore-mesa-az,all,pilot,0.5683472562032122,-0.3269582589805716,1.3529848644172846,-0.0211693388495678,1.343766594655587,0.2022880592171795,43,24
census,meta-edgecore-mesa-az,all,verified,0.5683472562032122,-0.3269582589805716,1.3529848644172846,-0.0211693388495678,1.343766594655587,0.2022880592171795,43,24
census,meta-edgecore-mesa-az,summer (Jun-Sep),pilot,0.4272710099919476,-1.3125659523109128,1.6179718259806768,0.1484045499847318,0.9448113628775324,0.6166605832936853,28,10
census,meta-edgecore-mesa-az,summer (Jun-Sep),verified,0.4272710099919476,-1.3125659523109128,1.6179718259806768,0.1484045499847318,0.9448113628775324,0.6166605832936853,28,10
census,meta-edgecore-mesa-az,cool (Oct-Mar),pilot,1.1724075510559406,0.1455045363246402,2.2362180844856225,-0.0090955379343917,2.547935701555291,0.0509982258887672,10,11
census,meta-edgecore-mesa-az,cool (Oct-Mar),verified,1.1724075510559406,0.1455045363246402,2.2362180844856225,-0.0090955379343917,2.547935701555291,0.0509982258887672,10,11
census,edgecore-mesa-az,all,pilot,0.5876705146740839,-0.4856725221870633,1.49129526986092,0.0343220260842382,1.3546320311889708,0.2700347300664933,44,25
census,edgecore-mesa-az,all,verified,0.5876705146740839,-0.4856725221870633,1.49129526986092,0.0343220260842382,1.3546320311889708,0.2700347300664933,44,25
census,edgecore-mesa-az,summer (Jun-Sep),pilot,0.2969330959134648,-2.0058225897057738,1.8568111452668503,0.0060027992496009,0.8961766739550551,0.7905065641660041,28,10
census,edgecore-mesa-az,summer (Jun-Sep),verified,0.2969330959134648,-2.0058225897057738,1.8568111452668503,0.0060027992496009,0.8961766739550551,0.7905065641660041,28,10
census,edgecore-mesa-az,cool (Oct-Mar),pilot,1.286773579680816,0.1754770246199975,2.3931870363033485,0.2288565171535982,3.164227905248464,0.0442323147437243,10,12
census,edgecore-mesa-az,cool (Oct-Mar),verified,1.286773579680816,0.1754770246199975,2.3931870363033485,0.2288565171535982,3.164227905248464,0.0442323147437243,10,12
census,meta-gallatin-tn,all,pilot,-0.7798814665350886,-1.502878026023417,-0.1879566945717155,-1.4096306742754745,-0.0276401653597209,0.0265318217288941,42,26
census,meta-gallatin-tn,all,verified,-0.8865956229183289,-1.6228045678258,-0.2878530892042485,-1.4810765640369334,-0.1779713877224734,0.0131281046480709,42,26
census,meta-gallatin-tn,summer (Jun-Sep),pilot,-0.0521558819920177,-0.597523624629403,0.4624601196111016,-0.5721716116001284,0.6357349433253985,0.8562459463734413,14,11
census,meta-gallatin-tn,summer (Jun-Sep),verified,-0.2795239697038074,-0.7396395302981014,0.152456290352496,-0.639914607204288,0.3712456467963909,0.2558791854604698,14,11
census,meta-gallatin-tn,cool (Oct-Mar),pilot,-1.1313828603619367,-2.383466138540474,-0.1827755112716241,-2.176434116125203,-0.1061184411928395,0.0677866211908594,24,13
census,meta-gallatin-tn,cool (Oct-Mar),verified,-1.1634376502350046,-2.46307556109402,-0.1861781128848414,-2.160523862553166,-0.1946439647244897,0.0703970133387456,24,13
