window,site_id,season,ring,change,ci_lo,ci_hi,ci_lo_block,ci_hi_block,p,n_base,n_op
pilot,meta-edgecore-mesa-az,all,0,0.9530228641956204,0.6745158632293706,1.2621822351227538,0.5954836154821488,1.3152361300763369,3.4569055887394825e-07,47,13
pilot,meta-edgecore-mesa-az,all,1,0.600290369252198,0.2880204172428177,0.9685138866297588,0.2794649079330372,0.9692672971702312,0.0044958736168526,48,12
pilot,meta-edgecore-mesa-az,all,2,0.409350930896108,0.2196367075335583,0.6222620952529134,0.1795418845220507,0.6461463681613959,0.0007308870412841,50,15
pilot,meta-edgecore-mesa-az,all,3,0.1482419784495053,0.0638807682639075,0.2350647827072413,0.0392284728097212,0.2481203408371055,0.0016332338399665,55,17
pilot,meta-edgecore-mesa-az,summer (Jun-Sep),0,0.6292368123317666,0.2986802563106505,1.0053703691155804,0.1868602297616358,1.1752189817680745,0.002341990598581,28,5
pilot,meta-edgecore-mesa-az,summer (Jun-Sep),1,0.2854001172526147,-0.031160854707076,0.647760389530028,-0.0858168773331479,0.7179566318833038,0.1651953768781397,28,5
pilot,meta-edgecore-mesa-az,summer (Jun-Sep),2,0.2283823942691059,0.0477815205406956,0.4202793676250949,-0.0313115597545363,0.5186887969992702,0.0283904756659341,28,6
pilot,meta-edgecore-mesa-az,summer (Jun-Sep),3,0.1311788884855954,0.0001018229900661,0.2593987909918053,-0.0282465606774228,0.2987917193476154,0.0741892176649463,30,7
pilot,meta-edgecore-mesa-az,cool (Oct-Mar),0,1.2175551958491704,0.8478051729065816,1.6094443689994709,0.9294284160298631,1.495267862239064,3.8431835328330376e-05,12,7
pilot,meta-edgecore-mesa-az,cool (Oct-Mar),1,0.7465532903594092,0.3212523129944206,1.253509299791087,0.3759156441546031,1.2478986011322315,0.0165934405775519,13,7
pilot,meta-edgecore-mesa-az,cool (Oct-Mar),2,0.4542713326626503,0.1666441336157926,0.7754424045794874,0.1940365454942916,0.7453392675920636,0.0208528015778433,15,8
pilot,meta-edgecore-mesa-az,cool (Oct-Mar),3,0.1362271107180245,0.0240376843056561,0.2459960854547436,0.0357394918255596,0.2228706951314516,0.034335122733654,18,9
pilot,edgecore-mesa-az,all,0,0.7510277490192063,0.4375907538981555,1.1148068899370105,0.4208234069618694,1.036360383218677,4.3898884643545496e-05,47,26
pilot,edgecore-mesa-az,all,1,0.3599470005634242,-0.0893560622254233,0.7543757968118736,0.0478284067958688,0.6336091770223351,0.1161992517795121,48,24
pilot,edgecore-mesa-az,all,2,0.3007816333874152,0.1224951663885078,0.4929425122130542,0.1863469814152195,0.4066842268579214,0.0028976287887455,51,26
pilot,edgecore-mesa-az,all,3,0.0900930750946747,-0.0074879295691933,0.1931088698290467,0.0320170203656432,0.1538494590740372,0.0869235196782816,55,29
pilot,edgecore-mesa-az,summer (Jun-Sep),0,0.6044091982151893,0.1454100348827506,1.147766415120781,0.1898295771276353,1.238316850526063,0.0277496544372217,28,11
pilot,edgecore-mesa-az,summer (Jun-Sep),1,0.26571222446473,-0.6505192048253332,1.0508574799191364,0.0220593463854404,0.668617269961189,0.5722069234151858,28,11
pilot,edgecore-mesa-az,summer (Jun-Sep),2,0.3037348075671927,0.0333630658626955,0.5923018152243364,-0.0533634212206922,0.6731444017401079,0.0495118446344296,28,12
pilot,edgecore-mesa-az,summer (Jun-Sep),3,0.1119134854446033,-0.0574910864692668,0.2938766448602133,-0.0132605595466664,0.2469410186928131,0.2423359203226528,30,13
pilot,edgecore-mesa-az,cool (Oct-Mar),0,0.9293467847355098,0.5483130355178855,1.3458586273931172,0.6072610976965382,1.2626867264126296,0.0001909847164484,13,14
pilot,edgecore-mesa-az,cool (Oct-Mar),1,0.4249999231430678,0.1295999056759946,0.7305244089773261,0.0082008338442624,0.7821319063349303,0.0153878035245643,13,12
pilot,edgecore-mesa-az,cool (Oct-Mar),2,0.2581929731681918,0.0063747711732965,0.528847558823476,-0.0361624816657655,0.4863150626204855,0.0792390596396613,16,13
pilot,edgecore-mesa-az,cool (Oct-Mar),3,0.0680671554313616,-0.0460147889466635,0.1798435706846727,-0.0066230610166585,0.1171549420355255,0.2663217125713716,18,15
pilot,meta-gallatin-tn,all,0,-0.0789475440900004,-0.6748281861786352,0.4779052248004024,-0.6012350947902014,0.5564865969692652,0.7945385466107346,44,27
pilot,meta-gallatin-tn,all,1,-0.0232101511157552,-0.4438970810299449,0.3625149147587626,-0.4446440958568774,0.4655030364448836,0.9142188181526834,42,27
pilot,meta-gallatin-tn,all,2,-0.2425415382471219,-0.6031776934276144,0.1055286467347625,-0.4002094037369602,-0.0429074797216939,0.1931589131713421,44,28
pilot,meta-gallatin-tn,all,3,-0.1139422909110829,-0.2756865893448031,0.0401769812276732,-0.1860011256643798,-0.0311661614003974,0.176608152187342,45,28
pilot,meta-gallatin-tn,summer (Jun-Sep),0,0.4265477606152449,-0.1283028896278514,1.0280733119189285,-0.2216234062454804,1.454174331876319,0.1786887243844921,14,11
pilot,meta-gallatin-tn,summer (Jun-Sep),1,0.4677452988547068,-0.0238811319297406,0.9774730519737774,-0.0634392393151812,1.3157203681315663,0.0922440576850987,13,11
pilot,meta-gallatin-tn,summer (Jun-Sep),2,-0.0204314701622083,-0.3276392704431635,0.3042820493537346,-0.2261996813337364,0.251704287353455,0.9035770128434762,14,12
pilot,meta-gallatin-tn,summer (Jun-Sep),3,-0.138020814374246,-0.2743397178825219,0.0043117470791719,-0.2165252486648106,-0.0568050337344377,0.0704920714193374,15,12
pilot,meta-gallatin-tn,cool (Oct-Mar),0,-0.3630773535350365,-1.3907510027097163,0.5924602734613567,-1.1310437377786324,0.4515797269063472,0.4962234218919785,27,14
pilot,meta-gallatin-tn,cool (Oct-Mar),1,-0.320989172243431,-0.9984538240912288,0.2661040420645284,-0.8561066059998589,0.2107564446885766,0.3551594478592152,26,14
pilot,meta-gallatin-tn,cool (Oct-Mar),2,-0.3738970612969435,-0.9705675849836782,0.2258421592901756,-0.4824629202891776,-0.2534296900507544,0.2523937037095169,27,14
pilot,meta-gallatin-tn,cool (Oct-Mar),3,-0.0767559932012656,-0.355668714804728,0.1896034302358981,-0.212747038507145,0.0110890570488585,0.5985102066644478,27,14
census,meta-edgecore-mesa-az,all,0,0.502324532221809,-0.2149942076557362,1.0170814820045395,-0.1178877993912465,1.1300039374297215,0.1349150302522649,50,27
census,meta-edgecore-mesa-az,all,1,-0.0234621238661415,-0.8095967357783944,0.5657477186142799,-0.6171065157241193,0.6852916165031451,0.9485372593749068,52,27
census,meta-edgecore-mesa-az,all,2,0.096310352288385,-0.2958804415456429,0.4059527153256164,-0.3174081351117496,0.497042355010966,0.6059698902655082,54,30
census,meta-edgecore-mesa-az,all,3,0.085512450603295,-0.023309344714402,0.1854314285357549,-0.0420140948014221,0.1955921405337305,0.1183755875164782,59,32
census,meta-edgecore-mesa-az,summer (Jun-Sep),0,0.1862227904444036,-1.2911402566696262,1.1227660363575551,-0.405775647228185,0.9168343880558998,0.7896295276985212,31,12
census,meta-edgecore-mesa-az,summer (Jun-Sep),1,-0.2789727864289999,-1.6776689994012255,0.5875158427976453,-0.8441358193118961,0.4532792462831327,0.6790638372102262,32,12
census,meta-edgecore-mesa-az,summer (Jun-Sep),2,-0.0390789913277511,-0.8255045667772495,0.4595576160469973,-0.4130750336032013,0.3767493512480071,0.915197703153716,32,13
census,meta-edgecore-mesa-az,summer (Jun-Sep),3,0.0751614460088682,-0.1202617362440778,0.2317330414635709,-0.060831274060572,0.2194849777583937,0.4243953729124081,34,14
census,meta-edgecore-mesa-az,cool (Oct-Mar),0,0.8292829853462229,0.3828908199448781,1.2738741940882872,0.1139662446660889,1.2358550022288155,0.0028293396269645,12,11
census,meta-edgecore-mesa-az,cool (Oct-Mar),1,0.1246421129654195,-0.919190825378222,0.8649876124778897,-0.8326735519696518,0.8851773168929864,0.8012253696682365,13,12
census,meta-edgecore-mesa-az,cool (Oct-Mar),2,0.1500153522532511,-0.2410900928446754,0.5071664358267104,-0.3605769883655807,0.4837414570373755,0.4707317398700878,15,13
census,meta-edgecore-mesa-az,cool (Oct-Mar),3,0.0871022321291652,-0.0140539316136434,0.1897145878052936,-0.0360875057201946,0.1536095889127311,0.1154143193054282,18,14
census,edgecore-mesa-az,all,0,0.3909328466693248,-0.4904401794204873,1.0822454905008216,-0.2290081204529859,0.9927051620361405,0.3463901123833268,50,30
census,edgecore-mesa-az,all,1,0.0485046664539838,-0.6157001822600815,0.4871318304000415,-0.490138931419822,0.6105053708813152,0.8716485505161831,52,27
census,edgecore-mesa-az,all,2,0.0070436320957902,-0.3855466717915605,0.3181849157104289,-0.3515588745697164,0.362799190650749,0.970067084060002,55,30
census,edgecore-mesa-az,all,3,0.0146593280691608,-0.0993149939742129,0.1190469187710901,-0.1068101941177897,0.1092476969695498,0.7973265786744781,59,32
census,edgecore-mesa-az,summer (Jun-Sep),0,0.2180656099663654,-1.440134593379739,1.331458431848056,-0.4145516937646426,0.9254421259683068,0.7763728229756889,31,13
census,edgecore-mesa-az,summer (Jun-Sep),1,-0.3061820793423867,-1.6606596589050011,0.5202614709193891,-0.8912390582913948,0.451492145232353,0.6389444693319573,32,12
census,edgecore-mesa-az,summer (Jun-Sep),2,-0.1213357962678414,-0.9232814796696054,0.3891283499974548,-0.4468119815069049,0.2435408693840492,0.7458098501814464,32,13
census,edgecore-mesa-az,summer (Jun-Sep),3,-0.0156489097278861,-0.2371042394398663,0.1565542277135937,-0.1363463954122158,0.0900240020044576,0.880519009408538,34,14
census,edgecore-mesa-az,cool (Oct-Mar),0,0.5491428742385795,-0.6702256019085789,1.3955191726202767,-0.4240919302037709,1.2626867264126296,0.3415380203959928,13,13
census,edgecore-mesa-az,cool (Oct-Mar),1,0.4054555225671604,0.0764354035729761,0.7330392753355233,-0.1329747321670466,0.7821319063349303,0.0336410230642955,13,11
census,edgecore-mesa-az,cool (Oct-Mar),2,0.1088710580498048,-0.3046785151522511,0.4785832247565117,-0.4243994609735717,0.4863150626204855,0.6110755005420286,16,13
census,edgecore-mesa-az,cool (Oct-Mar),3,0.0593300864144405,-0.0552426981263491,0.1711077472829788,-0.0406302552835243,0.1171549420355255,0.3299006724665386,18,14
census,meta-gallatin-tn,all,0,-0.0789475440900004,-0.6748281861786352,0.4779052248004024,-0.6012350947902014,0.5564865969692652,0.7945385466107346,44,27
census,meta-gallatin-tn,all,1,-0.0232101511157552,-0.4438970810299449,0.3625149147587626,-0.4446440958568774,0.4655030364448836,0.9142188181526834,42,27
census,meta-gallatin-tn,all,2,-0.2425415382471219,-0.6031776934276144,0.1055286467347625,-0.4002094037369602,-0.0429074797216939,0.1931589131713421,44,28
census,meta-gallatin-tn,all,3,-0.1139422909110829,-0.2756865893448031,0.0401769812276732,-0.1860011256643798,-0.0311661614003974,0.176608152187342,45,28
census,meta-gallatin-tn,summer (Jun-Sep),0,0.4265477606152449,-0.1283028896278514,1.0280733119189285,-0.2216234062454804,1.454174331876319,0.1786887243844921,14,11
census,meta-gallatin-tn,summer (Jun-Sep),1,0.4677452988547068,-0.0238811319297406,0.9774730519737774,-0.0634392393151812,1.3157203681315663,0.0922440576850987,13,11
census,meta-gallatin-tn,summer (Jun-Sep),2,-0.0204314701622083,-0.3276392704431635,0.3042820493537346,-0.2261996813337364,0.251704287353455,0.9035770128434762,14,12
census,meta-gallatin-tn,summer (Jun-Sep),3,-0.138020814374246,-0.2743397178825219,0.0043117470791719,-0.2165252486648106,-0.0568050337344377,0.0704920714193374,15,12
census,meta-gallatin-tn,cool (Oct-Mar),0,-0.3630773535350365,-1.3907510027097163,0.5924602734613567,-1.1310437377786324,0.4515797269063472,0.4962234218919785,27,14
census,meta-gallatin-tn,cool (Oct-Mar),1,-0.320989172243431,-0.9984538240912288,0.2661040420645284,-0.8561066059998589,0.2107564446885766,0.3551594478592152,26,14
census,meta-gallatin-tn,cool (Oct-Mar),2,-0.3738970612969435,-0.9705675849836782,0.2258421592901756,-0.4824629202891776,-0.2534296900507544,0.2523937037095169,27,14
census,meta-gallatin-tn,cool (Oct-Mar),3,-0.0767559932012656,-0.355668714804728,0.1896034302358981,-0.212747038507145,0.0110890570488585,0.5985102066644478,27,14
