sample,term,coef,ci_lo,ci_hi
all,intercept,-1.1542995961695808,-2.2583419423680566,-0.1844480505813212
all,dndvi,-15.289334719107138,-20.975440438762327,-9.453082203681396
all,dalbedo,-18.87465602463249,-33.744601410275045,3.568980712189448
all,aridity,1.4984344261182403,0.6187976525769325,2.551025601793148
all,is_dc,-1.144274254233997,-1.935232740762336,-0.3580447407597764
far,intercept,-1.0433207726092244,-2.254520130910096,-0.0049758978876708
far,dndvi,-15.047867310254308,-20.916344343938036,-9.049883665143124
far,dalbedo,-18.27549658551916,-33.216821507972476,5.950708935623978
far,aridity,1.4436006258794352,0.484327145500561,2.5270088565514377
far,is_dc,-1.1901681277630676,-2.001935457899986,-0.3933812384064568
far_strong,intercept,-1.241381493323495,-2.984042559747262,0.193554284983849
far_strong,dndvi,-15.666164325730596,-23.151905064031823,-8.07786436593183
far_strong,dalbedo,-18.445187946672885,-33.91190662850575,7.217384517771233
far_strong,aridity,1.4267953895920815,0.4778138965067365,2.5400552298172996
far_strong,is_dc,-1.0849834024206928,-2.1365567817001376,-0.1184169405494085
no_albedo,intercept,-1.4552540483936995,-2.4982056532108694,-0.4781343007058998
no_albedo,dndvi,-10.986963632402508,-16.23061573579821,-6.899719957498967
no_albedo,aridity,1.6198054468546517,0.6445831928197409,2.681400140843401
no_albedo,is_dc,-0.8651276511681649,-1.7661284289090196,0.0371319690874343
