site_id,name_dc,setting,nearest_km,dlst_dc,dlst,dc_minus_wh,dndvi_dc,dndvi,dalbedo_dc,dalbedo
wh-google-storey-county-nv-1,Google Storey County,dry natural,6.7,-2.1081091859828147,-1.0540514018620577,-1.054057784120757,-0.0883909950993385,-0.0115090569024353,0.0081959577128139,0.0174906309071821
wh-google-storey-county-nv-2,Google Storey County,dry irrigated,27.7,-2.1081091859828147,2.493270938181633,-4.601380124164448,-0.0883909950993385,-0.1557841045302598,0.0081959577128139,0.0274021034525022
wh-meta-los-lunas-nm-1,Meta Los Lunas,dry natural,3.3,-3.5308498400656143,-1.843372196345046,-1.6874776437205683,-0.1033747419129982,-0.0491823011865683,0.0355554623327015,0.036130193677858
wh-meta-los-lunas-nm-2,Meta Los Lunas,dry natural,27.9,-3.5308498400656143,-2.3318435864789766,-1.1990062535866377,-0.1033747419129982,-0.0727456164871805,0.0355554623327015,0.0520831808010087
wh-microsoft-goodyear-az-1,Microsoft Goodyear,dry natural,16.4,0.9967800706352258,2.763487503191262,-1.766707432556036,-0.1282966362697932,-0.1547320813768495,0.027425474880746,0.083623093593022
wh-microsoft-goodyear-az-2,Microsoft Goodyear,dry irrigated,15.4,0.9967800706352258,2.207662066844975,-1.210881996209749,-0.1282966362697932,-0.2753222385672288,0.027425474880746,0.0607440429205389
wh-meta-kuna-id-2,Meta Kuna,dry irrigated,24.1,2.9165713524192034,1.2678804698989663,1.648690882520237,-0.2313534822181334,-0.1567152046976553,0.0191003962513376,0.0175015271597364
wh-google-midlothian-tx-2,Google Midlothian,humid,27.9,1.913680979220357,0.3304109226820114,1.5832700565383455,-0.191889403207499,0.0037950662887903,0.0570177966253186,0.0357891348357067
wh-google-red-oak-tx-1,Google Red Oak,humid,14.2,0.8836139534577577,0.8036196192002159,0.0799943342575418,-0.2027604334673587,-0.0309220367670009,0.0676922514563747,0.0109633310805101
wh-meta-social-circle-ga-1,Meta Social Circle (Stanton Springs),humid,4.5,4.782609514026172,-0.5046935224059788,5.28730303643215,-0.2581407141548854,-0.0064385986410885,0.0638464548436599,-0.0046795781267116
wh-meta-social-circle-ga-2,Meta Social Circle (Stanton Springs),humid,5.7,4.782609514026172,2.462198225550481,2.320411288475691,-0.2581407141548854,-0.2006930485565314,0.0638464548436599,0.0566415526700145
wh-meta-gallatin-tn-1,Meta Gallatin,humid,12.3,0.8707719409107009,-1.5845069425896583,2.455278883500359,-0.1171340596480115,-0.0932571024732798,0.0221607892231977,0.103406226268107
wh-meta-gallatin-tn-2,Meta Gallatin,humid,28.9,0.8707719409107009,2.6081446709783274,-1.7373727300676265,-0.1171340596480115,-0.2075271266499784,0.0221607892231977,0.0507694682614309
wh-meta-henrico-va-1,Meta Henrico,humid,14.1,4.891350923492916,2.3842574186719983,2.5070935048209178,-0.3262321745974337,-0.227696085149539,0.0552866129714421,0.058347530942707
wh-google-omaha-ne-1,Google Omaha,humid,18.4,0.4472240675911095,-1.3620177684670811,1.8092418360581903,-0.1054187255473717,0.0103561173071322,-0.0077115836006245,0.0219951982244445
wh-google-omaha-ne-2,Google Omaha,humid,21.4,0.4472240675911095,0.7903882233312964,-0.3431641557401869,-0.1054187255473717,-0.0702770753607528,-0.0077115836006245,-0.0161368578255244
wh-microsoft-osmium-ia-1,Microsoft Project Osmium,humid,24.2,1.2558240392793114,1.0101703035635363,0.2456537357157751,-0.1186389343585702,-0.0243032391772855,0.042366751565569,0.0058981284937067
wh-amazon-madison-ms-1,Amazon Madison Mega Site,humid,3.2,2.7772465534540713,2.173445588177106,0.6038009652769651,-0.4489442010406806,0.002974598169604,0.0956470871457295,-0.0179474228995905
